Ticker,Security Name,Market Cap
NVDA,NVIDIA Corporation Common Stock,5424187000000.0
AAPL,Apple Inc. Common Stock,4977636972600.0
GOOGL,Alphabet Inc. Class A Common Stock,4206141600000.0
GOOG,Alphabet Inc. Class C Capital Stock,4171408400000.0
MSFT,Microsoft Corporation Common Stock,3832843816089.0
AMZN,Amazon.com Inc. Common Stock,2693018909521.0
TSM,Taiwan Semiconductor Manufacturing Company Ltd.,2337090974791.0
SPCX,Space Exploration Technologies Corp. Class A Common Stock,2018007119205.0
META,Meta Platforms Inc. Class A Common Stock,1914858529084.0
AVGO,Broadcom Inc. Common Stock,1684184352671.0
TSLA,Tesla Inc. Common Stock,1469666080781.0
SKHY,SK hynix Inc. American Depositary Shares,1396214751800.0
MU,Micron Technology Inc. Common Stock,1222319619464.0
LLY,Eli Lilly and Company Common Stock,1114058432145.0
AMD,Advanced Micro Devices Inc. Common Stock,1029487735736.0
JPM,JP Morgan Chase & Co. Common Stock,911917356057.0
WMT,Walmart Inc. Common Stock,856685919103.0
ASML,ASML Holding N.V. New York Registry Shares,672145282700.0
XOM,ExxonMobil Holdings Corporation Common Stock,660331941656.0
V,Visa Inc.,656418134561.0
JNJ,Johnson & Johnson Common Stock,653612697478.0
INTC,Intel Corporation Common Stock,650063549853.0
MA,Mastercard Incorporated Common Stock,497267042441.0
ABBV,AbbVie Inc. Common Stock,467119783117.0
PLTR,Palantir Technologies Inc. Class A Common Stock,455597483552.0
CSCO,Cisco Systems Inc. Common Stock (DE),420674019349.0
ORCL,Oracle Corporation Common Stock,414554205600.0
COST,Costco Wholesale Corporation Common Stock,409226718573.0
CVX,Chevron Corporation Common Stock,403946436969.0
BAC,Bank of America Corporation Common Stock,396488832296.0
LRCX,Lam Research Corporation Common Stock,394461473146.0
AMAT,Applied Materials Inc. Common Stock,384894759855.0
KO,Coca-Cola Company (The) Common Stock,377806849028.0
CAT,Caterpillar Inc. Common Stock,377659695305.0
MRK,Merck & Company Inc. Common Stock (new),367065796302.0
DELL,Dell Technologies Inc. Class C Common Stock ,357892638848.0
HSBC,HSBC Holdings plc. Common Stock,346595507139.0
PG,Procter & Gamble Company (The) Common Stock,339901846364.0
GE,GE Aerospace Common Stock,339376322377.0
ARM,Arm Holdings plc American Depositary Shares,330197625801.0
MS,Morgan Stanley Common Stock,308317868783.0
PANW,Palo Alto Networks Inc. Common Stock,306537320000.0
PM,Philip Morris International Inc Common Stock,296884687861.0
HD,Home Depot Inc. (The) Common Stock,292522598343.0
RY,Royal Bank Of Canada Common Stock,279627130802.0
MUFG,Mitsubishi UFJ Financial Group Inc. Common Stock,278653852402.0
NVS,Novartis AG Common Stock,277559743227.0
GS,Goldman Sachs Group Inc. (The) Common Stock,272376293614.0
BABA,Alibaba Group Holding Limited American Depositary Shares each representing eight Ordinary share,265843615615.0
SHEL,Shell PLC American Depositary Shares (each representing two (2) Ordinary Shares) ,264934456519.0
ANET,Arista Networks Inc. Common Stock,260505951044.0
SNDK,Sandisk Corporation Common Stock,260303699978.0
SAP,SAP  SE ADS,258821271598.0
AZN,AstraZeneca PLC Ordinary Shares,258319915258.0
CRWD,CrowdStrike Holdings Inc. Class A Common Stock,258164691713.0
RTX,RTX Corporation Common Stock,255265392474.0
GEV,GE Vernova Inc. Common Stock,255049027173.0
TXN,Texas Instruments Incorporated Common Stock,253946784046.0
WFC,Wells Fargo & Company Common Stock,250901224908.0
TMO,Thermo Fisher Scientific Inc Common Stock,249579418050.0
TM,Toyota Motor Corporation Common Stock,248087861117.0
KLAC,KLA Corporation Common Stock,245236819977.0
MRVL,Marvell Technology Inc. Common Stock,229690801500.0
CCZ,Comcast Holdings ZONES,229490327176.0
C,Citigroup Inc. Common Stock,225246211221.0
AMGN,Amgen Inc. Common Stock,224151435593.0
LIN,Linde plc Ordinary Shares,216609968792.0
BHP,BHP Group Limited American Depositary Shares (Each representing two Ordinary Shares),216001489689.0
IBM,International Business Machines Corporation Common Stock,212460726289.0
QCOM,QUALCOMM Incorporated Common Stock,212115745024.0
STX,Seagate Technology Holdings PLC Ordinary Shares (Ireland),209696029113.0
SAN,Banco Santander S.A. Sponsored ADR (Spain),208725295633.0
AXP,American Express Company Common Stock,208596454315.0
APH,Amphenol Corporation Common Stock,207363157798.0
TTE,TotalEnergies SE Ordinary Shares,198418512456.0
TD,Toronto Dominion Bank (The) Common Stock,197672598050.0
VZ,Verizon Communications Inc. Common Stock,195606816510.0
CRM,Salesforce Inc. Common Stock,192598460000.0
ADI,Analog Devices Inc. Common Stock,190724967024.0
GILD,Gilead Sciences Inc. Common Stock,187146431544.0
DE,Deere & Company Common Stock,186165561970.0
SHOP,Shopify Inc. Class A Subordinate Voting Shares,184329118306.0
DIS,Walt Disney Company (The) Common Stock,183287814647.0
TMUS,T-Mobile US Inc. Common Stock,177452064939.0
PEP,PepsiCo Inc. Common Stock,175566001106.0
ABT,Abbott Laboratories Common Stock,175270524052.0
T,AT&T Inc.,173913547797.0
NVO,Novo Nordisk A/S Common Stock,171803704176.0
SCHW,Charles Schwab Corporation (The) Common Stock,171256115757.0
ETN,Eaton Corporation PLC Ordinary Shares,170888232000.0
SCCO,Southern Copper Corporation Common Stock,170136921488.0
BLK,BlackRock Inc. Common Stock,168236024744.0
MCD,McDonald's Corporation Common Stock,167357222082.0
WELL,Welltower Inc. Common Stock,166758759313.0
BBVA,Banco Bilbao Vizcaya Argentaria S.A. Common Stock,164817926369.0
WDC,Western Digital Corporation Common Stock,164698708629.0
PFE,Pfizer Inc. Common Stock,163409641797.0
UNP,Union Pacific Corporation Common Stock,162651930597.0
NEE,NextEra Energy Inc. Common Stock,158701222141.0
DHR,Danaher Corporation Common Stock,157813339262.0
BA,Boeing Company (The) Common Stock,156548589861.0
UBS,UBS Group AG Registered Ordinary Shares,154147629315.0
BUD,Anheuser-Busch Inbev SA Sponsored ADR (Belgium),153826378212.0
COP,ConocoPhillips Common Stock,152930261077.0
ISRG,Intuitive Surgical Inc. Common Stock,143141195437.0
TJX,TJX Companies Inc. (The) Common Stock,143062626374.0
UBER,Uber Technologies Inc. Common Stock,142203035624.0
NOW,ServiceNow Inc. Common Stock,140231080000.0
SONY,Sony Group Corporation American Depositary Shares ,138852037647.0
MFG,Mizuho Financial Group Inc. Sponosred ADR (Japan),137813119678.0
GLW,Corning Incorporated Common Stock,135014007001.0
UL,Unilever PLC American Depositary Shares (each representing One Ordinary Share),134731632094.0
VRTX,Vertex Pharmaceuticals Incorporated Common Stock,133368603600.0
PBR,Petroleo Brasileiro S.A. Petrobras ADS,131271743181.0
CB,Chubb Limited  Common Stock,128614098995.0
BMY,Bristol-Myers Squibb Company Common Stock,128405043276.0
NEM,Newmont Corporation,127949852468.0
FTNT,Fortinet Inc. Common Stock,127269970249.0
MNST,Monster Beverage Corporation,126682209019.0
PLD,Prologis Inc. Common Stock,126141511800.0
NET,Cloudflare Inc. Class A Common Stock,124278942129.0
PH,Parker-Hannifin Corporation Common Stock,123379558967.0
BKNG,Booking Holdings Inc. Common Stock,123188832975.0
COF,Capital One Financial Corporation Common Stock,122819664167.0
SMFG,Sumitomo Mitsui Financial Group Inc Unsponsored American Depositary Shares (Japan),121377520094.0
BTI,British American Tobacco  Industries p.l.c. Common Stock ADR,120179355665.0
LMT,Lockheed Martin Corporation Common Stock,119909643629.0
BMO,Bank Of Montreal Common Stock,119764392435.0
PGR,Progressive Corporation (The) Common Stock,119471898735.0
SPGI,S&P Global Inc. Common Stock,118892840000.0
RIO,Rio Tinto Plc Common Stock,118771008503.0
SNOW,Snowflake Inc. Common Stock,118519632000.0
HDB,HDFC Bank Limited Common Stock,118067135076.0
ACN,Accenture plc Class A Ordinary Shares (Ireland),117555223083.0
BP,BP p.l.c. Common Stock,115581627204.0
MO,Altria Group Inc.,114911776987.0
BNS,Bank Nova Scotia Halifax Pfd 3 Ordinary Shares,114680082413.0
CVS,CVS Health Corporation Common Stock,113994628989.0
MDT,Medtronic plc. Ordinary Shares,113382782570.0
VLO,Valero Energy Corporation Common Stock,111479754350.0
MPC,Marathon Petroleum Corporation Common Stock,110510160736.0
PDD,PDD Holdings Inc. American Depositary Shares,110412863557.0
SBUX,Starbucks Corporation Common Stock,108140400000.0
HOOD,Robinhood Markets Inc. Class A Common Stock,107350423396.0
LOW,Lowe's Companies Inc. Common Stock,106196304716.0
ING,ING Group N.V. Common Stock,106084097496.0
EQNR,Equinor ASA,105486434756.0
SPOT,Spotify Technology S.A. Ordinary Shares,104976647095.0
ADP,Automatic Data Processing Inc. Common Stock,104479645661.0
SYK,Stryker Corporation Common Stock,104469954809.0
APP,Applovin Corporation Class A Common Stock,103992798250.0
FCX,Freeport-McMoRan Inc. Common Stock,103838427088.0
CM,Canadian Imperial Bank of Commerce Common Stock,103143817277.0
ENB,Enbridge Inc Common Stock,102085237787.0
PSX,Phillips 66 Common Stock,102049599267.0
BNY,The Bank of New York Mellon Corporation Common Stock,101877396921.0
MCK,McKesson Corporation Common Stock,101041872190.0
SNY,Sanofi ADS,100261295833.0
TT,Trane Technologies plc,99987332556.0
IBN,ICICI Bank Limited Common Stock,99955171477.0
GSK,GSK plc American Depositary Shares (Each representing two Ordinary Shares),99598024877.0
EQIX,Equinix Inc. Common Stock REIT,99468953223.0
AEM,Agnico Eagle Mines Limited Common Stock,98710462891.0
ASX,ASE Technology Holding Co. Ltd. American Depositary Shares (each representing Two Common Shares) ,98673885429.0
CNQ,Canadian Natural Resources Limited Common Stock,98083704400.0
VRT,Vertiv Holdings LLC Class A Common Stock,97509804457.0
DDOG,Datadog Inc. Class A Common Stock,96278786185.0
RACE,Ferrari N.V. Common Shares,96228405170.0
PWR,Quanta Services Inc. Common Stock,95636179442.0
SO,Southern Company (The) Common Stock,95342082622.0
CME,CME Group Inc. Class A Common Stock,95101523478.0
HCA,HCA Healthcare Inc. Common Stock,94310218415.0
ABNB,Airbnb Inc. Class A Common Stock,94290781345.0
CEG,Constellation Energy Corporation Common Stock ,93278503669.0
HWM,Howmet Aerospace Inc. Common Stock,92713349240.0
USB,U.S. Bancorp Common Stock,92439192291.0
MAR,Marriott International Class A Common Stock,91797556365.0
ADBE,Adobe Inc. Common Stock,91644924000.0
GD,General Dynamics Corporation Common Stock,91102018700.0
JCI,Johnson Controls International plc Ordinary Share,90982368794.0
BN,Brookfield Corporation Class A Limited Voting Shares,90359140149.0
PNC,PNC Financial Services Group Inc. (The) Common Stock,90017649022.0
CDNS,Cadence Design Systems Inc. Common Stock,89813919090.0
BX,Blackstone Inc. Common Stock,88889026000.0
MELI,MercadoLibre Inc. Common Stock,88851722153.0
DUK,Duke Energy Corporation (Holding Company) Common Stock,88379243577.0
EMR,Emerson Electric Company Common Stock,88260694000.0
MMM,3M Company Common Stock,87440735802.0
KKR,KKR & Co. Inc. Common Stock,86774433549.0
CSX,CSX Corporation Common Stock,86658776617.0
ICE,Intercontinental Exchange Inc. Common Stock,86628783289.0
E,ENI S.p.A. Common Stock,86079759693.0
ELV,Elevance Health Inc. Common Stock,85899757076.0
LYG,Lloyds Banking Group Plc American Depositary Shares,85517250284.0
BE,Bloom Energy Corporation Class A Common Stock,85030044790.0
WMB,Williams Companies Inc. (The) Common Stock,84716579111.0
LITE,Lumentum Holdings Inc. Common Stock,84466005000.0
DASH,DoorDash Inc. Class A Common Stock,83782489098.0
HPE,Hewlett Packard Enterprise Company Common Stock,83550633190.0
BCS,Barclays PLC Common Stock,83368260120.0
WM,Waste Management Inc. Common Stock,82673091507.0
MRSH,Marsh Common Stock,81660392180.0
SNPS,Synopsys Inc. Common Stock,81591218401.0
MCO,Moody's Corporation Common Stock,81178840000.0
REGN,Regeneron Pharmaceuticals Inc. Common Stock,81132648744.0
SHW,Sherwin-Williams Company (The) Common Stock,79891707494.0
CTAS,Cintas Corporation Common Stock,79867396891.0
SU,Suncor Energy  Inc. Common Stock,79757043242.0
MRNA,Moderna Inc. Common Stock,79400033604.0
EPD,Enterprise Products Partners L.P. Common Stock,79360785961.0
NGG,National Grid Transco PLC National Grid PLC (NEW) American Depositary Shares,79261957346.0
AMT,American Tower Corporation (REIT) Common Stock,78761226913.0
ECL,Ecolab Inc. Common Stock,78349041252.0
ITW,Illinois Tool Works Inc. Common Stock,78126336000.0
CMCSA,Comcast Corporation Class A Common Stock,77750627314.0
CP,Canadian Pacific Kansas City Limited Common Shares,77546655288.0
WBD,Warner Bros. Discovery Inc. Series A Common Stock ,77480304270.0
MDLZ,Mondelez International Inc. Class A Common Stock,76897560434.0
SLB,SLB Limited Common Shares,76492742126.0
TRV,The Travelers Companies Inc. Common Stock,75721075987.0
MSI,Motorola Solutions Inc. Common Stock,75610801861.0
ROST,Ross Stores Inc. Common Stock,75429268333.0
INTU,Intuit Inc. Common Stock,73701016440.0
NTES,NetEase Inc. American Depositary Shares,73646364598.0
EOG,EOG Resources Inc. Common Stock,73617669852.0
NWG,NatWest Group plc American Depositary Shares (each representing two (2) Ordinary Shares),73498389625.0
MFC,Manulife Financial Corporation Common Stock,73197537944.0
CNI,Canadian National Railway Company Common Stock,73053813000.0
NOC,Northrop Grumman Corporation Common Stock,72526016034.0
GM,General Motors Company Common Stock,72503820833.0
CMI,Cummins Inc. Common Stock,72282115544.0
CI,The Cigna Group Common Stock,71876054597.0
APO,Apollo Global Management Inc. (New) Common Stock,71863197019.0
CVNA,Carvana Co. Class A Common Stock,71596172876.0
TGT,Target Corporation Common Stock,71529021083.0
BAM,Brookfield Asset Management Inc Class A Limited Voting Shares,71220798633.0
HLT,Hilton Worldwide Holdings Inc. Common Stock ,70661379144.0
B,Barrick Mining Corporation Common Shares,70575523887.0
NSC,Norfolk Southern Corporation Common Stock,70302420749.0
ORLY,O'Reilly Automotive Inc. Common Stock,69663658603.0
DB,Deutsche Bank AG Common Stock,68802798000.0
CL,Colgate-Palmolive Company Common Stock,68604693664.0
KMI,Kinder Morgan Inc. Common Stock,68474164237.0
FDX,FedEx Corporation Common Stock,67652243845.0
HON,Honeywell International Inc. Common Stock,67365599126.0
MPWR,Monolithic Power Systems Inc. Common Stock,67199612490.0
SPG,Simon Property Group Inc. Common Stock,66269821302.0
NU,Nu Holdings Ltd. Class A Ordinary Shares,65988604659.0
RSG,Republic Services Inc. Common Stock,64947772634.0
RCL,Royal Caribbean Cruises Ltd. Common Stock,64910620787.0
WPM,Wheaton Precious Metals Corp Common Shares (Canada),64908542627.0
NBIS,Nebius Group N.V. Class A Ordinary Shares,64519398888.0
AEP,American Electric Power Company Inc. Common Stock,64429426609.0
BSX,Boston Scientific Corporation Common Stock,63650160782.0
TEL,TE Connectivity plc Ordinary Shares,63284696509.0
ALAB,Astera Labs Inc. Common Stock,63256138620.0
APD,Air Products and Chemicals Inc. Common Stock,62743874933.0
TER,Teradyne Inc. Common Stock,62283027985.0
MET,MetLife Inc. Common Stock,62086095768.0
TDG,Transdigm Group Incorporated Common Stock,61699657205.0
KEYS,Keysight Technologies Inc. Common Stock,61654134402.0
SE,Sea Limited American Depositary Shares each representing one Class A Ordinary Share,60972834165.0
MSTR,Strategy Inc Common Stock Class A,60942046366.0
NXPI,NXP Semiconductors N.V. Common Stock,60035246546.0
NOK,Nokia Corporation Sponsored American Depositary Shares,59661870441.0
TAK,Takeda Pharmaceutical Company Limited American Depositary Shares (each representing 1/2 of a share of Common Stock),59594669307.0
TRGP,Targa Resources Inc. Common Stock,59577514875.0
ARGX,argenx SE American Depositary Shares,59548720407.0
NTRA,Natera Inc. Common Stock,59468118775.0
IMO,Imperial Oil Limited Common Stock,59414235980.0
AJG,Arthur J. Gallagher & Co. Common Stock,59230930000.0
AON,Aon plc Class A Ordinary Shares (Ireland),58968749398.0
TRP,TC Energy Corporation Common Stock,58780000000.0
PCAR,PACCAR Inc. Common Stock,58589682918.0
RELX,RELX PLC PLC American Depositary Shares (Each representing One Ordinary Share),58578226686.0
COR,Cencora Inc. Common Stock,58568673482.0
GWW,W.W. Grainger Inc. Common Stock,58549767972.0
FIX,Comfort Systems USA Inc. Common Stock,58384224321.0
TFC,Truist Financial Corporation Common Stock,58222704120.0
VALE,VALE S.A.  American Depositary Shares Each Representing one common share,58108090344.0
CVE,Cenovus Energy Inc Common Stock,57993750000.0
COHR,Coherent Corp. Common Stock,57933053334.0
FAST,Fastenal Company Common Stock,57868302606.0
ALL,Allstate Corporation (The) Common Stock,57550469420.0
AME,AMETEK Inc.,57484964321.0
BKR,Baker Hughes Company Class A Common Stock,57406341526.0
AFL,AFLAC Incorporated Common Stock,57012759849.0
CRH,CRH PLC Ordinary Shares,56920625297.0
OXY,Occidental Petroleum Corporation Common Stock,56839380915.0
GRMN,Garmin Ltd. Common Stock (Switzerland),56725644939.0
NUE,Nucor Corporation Common Stock,56095010891.0
OKE,ONEOK Inc. Common Stock,55869663586.0
DAL,Delta Air Lines Inc. Common Stock,55858500168.0
LNG,Cheniere Energy Inc. Common Stock,55462682789.0
MT,Arcelor Mittal NY Registry Shares NEW,53811595403.0
D,Dominion Energy Inc. Common Stock,53369634585.0
NKE,Nike Inc. Common Stock,53035078632.0
O,Realty Income Corporation Common Stock,52552949553.0
CTVA,Corteva Inc. Common Stock ,52388229920.0
NDAQ,Nasdaq Inc. Common Stock,52292333151.0
FANG,Diamondback Energy Inc. Common Stock,52272145975.0
DVN,Devon Energy Corporation Common Stock,51755000000.0
COIN,Coinbase Global Inc. Class A Common Stock,51477222047.0
CAH,Cardinal Health Inc. Common Stock,50993998956.0
SRE,DBA Sempra Common Stock,50958454120.0
CIEN,Ciena Corporation Common Stock,50612880658.0
PSA,Public Storage Common Stock,50573617958.0
HONA,Honeywell Aerospace Inc. Common Stock ,50325753676.0
AU,AngloGold Ashanti PLC Ordinary Shares,50086329422.0
BDX,Becton Dickinson and Company Common Stock,50070141576.0
STT,State Street Corporation Common Stock,49814418065.0
F,Ford Motor Company Common Stock,49781811042.0
EW,Edwards Lifesciences Corporation Common Stock,49737556000.0
FNV,Franco-Nevada Corporation,49736369385.0
CBRS,Cerebras Systems Inc. Class A Common Stock,49116365477.0
DEO,Diageo plc Common Stock,48718003274.0
A,Agilent Technologies Inc. Common Stock,48714486683.0
WAB,Westinghouse Air Brake Technologies Corporation Common Stock,48646325088.0
VMRK,Vivmark Residential Common Shares of Beneficial Interest,48439125000.0
ROK,Rockwell Automation Inc. Common Stock,48309586695.0
CRWV,CoreWeave Inc. Class A Common Stock,48309090969.0
EBAY,eBay Inc. Common Stock,48015500000.0
HUM,Humana Inc. Common Stock,47783556962.0
TEAM,Atlassian Corporation Class A Common Stock,47524281128.0
FITB,Fifth Third Bancorp Common Stock,47249102584.0
PYPL,PayPal Holdings Inc. Common Stock,47084566505.0
AZO,AutoZone Inc. Common Stock,46889031617.0
VST,Vistra Corp. Common Stock,46472049100.0
CARR,Carrier Global Corporation Common Stock ,46467203463.0
RKLB,Rocket Lab Corporation Common Stock,46422832699.0
STM,STMicroelectronics N.V. Common Stock,46349872600.0
CCEP,Coca-Cola Europacific Partners plc Ordinary Shares,46183632909.0
ETR,Entergy Corporation Common Stock,45995866758.0
XYZ,Block Inc. Class A Common Stock,45912753900.0
ABEV,Ambev S.A. American Depositary Shares (Each representing 1 Common Share),45866368780.0
TEVA,Teva Pharmaceutical Industries Limited Ordinary Shares,45667953532.0
WDAY,Workday Inc. Class A Common Stock,45657450000.0
KB,KB Financial Group Inc,45633873502.0
MDLN,Medline Inc. Class A Common Stock,45620349972.0
VEEV,Veeva Systems Inc. Class A Common Stock,45444576018.0
IQV,IQVIA Holdings Inc. Common Stock,44502902000.0
SLF,Sun Life Financial Inc. Common Stock,44499066488.0
VTR,Ventas Inc. Common Stock,44416025226.0
AMP,Ameriprise Financial Inc. Common Stock,44319262412.0
LHX,L3Harris Technologies Inc. Common Stock,44261352077.0
IX,ORIX Corporation American Depositary Shares,44053738595.0
RVMD,Revolution Medicines Inc. Common Stock,43932535597.0
ADSK,Autodesk Inc. Common Stock,43764600000.0
XEL,Xcel Energy Inc. Common Stock,43599474559.0
KDP,Keurig Dr Pepper Inc. Common Stock,43478391914.0
HEI,Heico Corporation Common Stock,43119352165.0
FERG,Ferguson Enterprises Inc. Common Stock,43089658185.0
TRI,Thomson Reuters Corporation Common Shares,42882468000.0
MCHP,Microchip Technology Incorporated Common Stock,42729353895.0
HMC,Honda Motor Company Ltd. Common Stock,42727557985.0
WAT,Waters Corporation Common Stock,42594486043.0
INFY,Infosys Limited American Depositary Shares,42591780956.0
FLEX,Flex Ltd. Ordinary Shares,42363133517.0
TWLO,Twilio Inc. Class A Common Stock,42356045676.0
CLS,Celestica Inc. Common Stock,42015772222.0
P,Everpure Inc. Class A common stock,41986633626.0
WDS,Woodside Energy Group Limited American Depositary Shares each representing one Ordinary Share,41900247152.0
EXC,Exelon Corporation Common Stock,41641125029.0
PRU,Prudential Financial Inc. Common Stock,41210250000.0
ONC,BeOne Medicines Ltd. American Depositary Shares,41029322315.0
IDXX,IDEXX Laboratories Inc. Common Stock,40907882294.0
ILMN,Illumina Inc. Common Stock,40770000000.0
FMX,Fomento Economico Mexicano S.A.B. de C.V. Common Stock,40752317202.0
HLN,Haleon plc American Depositary Shares (Each representing two Ordinary Shares),40728020870.0
IBKR,Interactive Brokers Group Inc. Class A Common Stock,40432695980.0
ARES,Ares Management Corporation Class A Common Stock,40297124710.0
LYV,Live Nation Entertainment Inc. Common Stock,40262757658.0
FER,Ferrovial N.V. Ordinary Shares,40167326294.0
MSCI,MSCI Inc. Common Stock,40083872000.0
WCN,Waste Connections Inc. Common Shares,39702805356.0
CRDO,Credo Technology Group Holding Ltd Ordinary Shares,39652216140.0
CMG,Chipotle Mexican Grill Inc. Common Stock,39645545940.0
DHI,D.R. Horton Inc. Common Stock,39580526293.0
NTAP,NetApp Inc. Common Stock,39508700761.0
ADM,Archer-Daniels-Midland Company Common Stock,39096561373.0
CBRE,CBRE Group Inc Common Stock Class A,38962356346.0
AIG,American International Group Inc. New Common Stock,38782986345.0
SYY,Sysco Corporation Common Stock,38595569302.0
VOD,Vodafone Group Plc American Depositary Shares,38463601431.0
SHG,Shinhan Financial Group Co Ltd American Depositary Shares,38423270523.0
CCJ,Cameco Corporation Common Stock,38357389372.0
BBD,Banco Bradesco Sa American Depositary Shares,38141512324.0
ED,Consolidated Edison Inc. Common Stock,38129332062.0
YUM,Yum! Brands Inc.,37832277414.0
TTWO,Take-Two Interactive Software Inc. Common Stock,37665340438.0
BAP,Credicorp Ltd. Common Stock,36446675533.0
GFI,Gold Fields Limited American Depositary Shares,36141079094.0
PAYX,Paychex Inc. Common Stock,36085740548.0
ODFL,Old Dominion Freight Line Inc. Common Stock,35934902593.0
CHT,Chunghwa Telecom Co. Ltd.,35800615782.0
VIK,Viking Holdings Ltd Ordinary Shares,35796618932.0
JD,JD.com Inc. American Depositary Shares,35629440000.0
ROP,Roper Technologies Inc. Common Stock,35461897381.0
AXON,Axon Enterprise Inc. Common Stock,34941024566.0
NTR,Nutrien Ltd. Common Shares,34812132090.0
KR,Kroger Company (The) Common Stock,34691180238.0
BBDO,Banco Bradesco Sa American Depositary Shares (each representing one Common Share),34674102113.0
TKO,TKO Group Holdings Inc. Class A Common Stock,34573898474.0
RKT,Rocket Companies Inc. Class A Common Stock,34461088264.0
ALNY,Alnylam Pharmaceuticals Inc. Common Stock,34249781843.0
KVUE,Kenvue Inc. Common Stock,34189767713.0
ESLT,Elbit Systems Ltd. Ordinary Shares,34184065755.0
EL,Estee Lauder Companies Inc. (The) Common Stock,34179110624.0
OKTA,Okta Inc. Class A Common Stock,34123296936.0
EC,Ecopetrol S.A. American Depositary Shares,34085739906.0
UI,Ubiquiti Inc. Common Stock,33936447375.0
HIG,The Hartford Insurance Group Inc. Common Stock,33650428808.0
BIIB,Biogen Inc. Common Stock,33628809945.0
EME,EMCOR Group Inc. Common Stock,33621007641.0
STLD,Steel Dynamics Inc.,33490041042.0
RPRX,Royalty Pharma plc Class A Ordinary Shares ,33470820085.0
HSY,The Hershey Company Common Stock,33428001555.0
PEG,Public Service Enterprise Group Incorporated Common Stock,33404110411.0
JBL,Jabil Inc. Common Stock,33190262570.0
RBLX,Roblox Corporation Class A Common Stock,33175618700.0
IRM,Iron Mountain Incorporated (Delaware)Common Stock REIT,33158139201.0
PCG,Pacific Gas & Electric Co. Common Stock,33072563521.0
MDB,MongoDB Inc. Class A Common Stock,33063544600.0
WEC,WEC Energy Group Inc. Common Stock,33057419905.0
KMB,Kimberly-Clark Corporation Common Stock,32735754710.0
DXCM,DexCom Inc. Common Stock,32686989464.0
QSR,Restaurant Brands International Inc. Common Shares,32561017095.0
TECK,Teck Resources Ltd Ordinary Shares,32334303922.0
ACGL,Arch Capital Group Ltd. Common Stock,32300749067.0
ALC,Alcon Inc. Ordinary Shares,32215659000.0
ERIC,Ericsson American Depositary Shares,32128982035.0
RMD,ResMed Inc. Common Stock,32024011932.0
MTB,M&T Bank Corporation Common Stock,31943432992.0
EQT,EQT Corporation Common Stock,31782467960.0
VMC,Vulcan Materials Company (Holding Company) Common Stock,31746791055.0
HBAN,Huntington Bancshares Incorporated Common Stock,31599287879.0
PUK,Prudential Public Limited Company Common Stock,31557395056.0
VG,Venture Global Inc. Class A common stock,31551171780.0
ZS,Zscaler Inc. Common Stock,31477709449.0
SUNB,Sunbelt Rentals Holdings Inc. Common Stock,30756953169.0
RJF,Raymond James Financial Inc. Common Stock,30752866738.0
CNC,Centene Corporation Common Stock,30538770900.0
CCL,Carnival Corporation Ltd. Common Shares,30474692898.0
MTD,Mettler-Toledo International Inc. Common Stock,30288064047.0
EXPE,Expedia Group Inc. Common Stock,30246379525.0
GEHC,GE HealthCare Technologies Inc. Common Stock ,30095854971.0
ON,ON Semiconductor Corporation Common Stock,30055396924.0
KGC,Kinross Gold Corporation Common Stock,29912205000.0
BIDU,Baidu Inc. ADS,29714264710.0
IR,Ingersoll Rand Inc. Common Stock,29518996558.0
TS,Tenaris S.A. American Depositary Shares,29368609861.0
ZTS,Zoetis Inc. Class A Common Stock,29359536922.0
NMR,Nomura Holdings Inc ADR American Depositary Shares,29187452473.0
RYAAY,Ryanair Holdings plc American Depositary Shares,29100728532.0
MLM,Martin Marietta Materials Inc. Common Stock,29089885828.0
CCI,Crown Castle Inc. Common Stock,28862896982.0
CBOE,Cboe Global Markets Inc. Common Stock,28852592063.0
RDDT,Reddit Inc. Class A Common Stock,28828693058.0
TDY,Teledyne Technologies Incorporated Common Stock,28469336573.0
SMCI,Super Micro Computer Inc. Common Stock,28420322512.0
HPQ,HP Inc. Common Stock,28226057330.0
EXR,Extra Space Storage Inc Common Stock,28172795559.0
KHC,The Kraft Heinz Company Common Stock,28021015402.0
FTI,TechnipFMC plc Ordinary Share,27839749904.0
CFG,Citizens Financial Group Inc. Common Stock,27599714918.0
DG,Dollar General Corporation Common Stock,27541800064.0
AEE,Ameren Corporation Common Stock,27515450717.0
GFS,GlobalFoundries Inc. Ordinary Shares,27313511547.0
WSM,Williams-Sonoma Inc. Common Stock (DE),27312990219.0
WTW,Willis Towers Watson Public Limited Company Ordinary Shares,27303420759.0
HAL,Halliburton Company Common Stock,27293350823.0
SYF,Synchrony Financial Common Stock,27137877551.0
FTS,Fortis Inc. Common Shares,27123681000.0
NVT,nVent Electric plc Ordinary Shares ,26611063751.0
FOXA,Fox Corporation Class A Common Stock,26594955340.0
ATO,Atmos Energy Corporation Common Stock,26566690417.0
SYM,Symbotic Inc. Class A Common Stock,26290730247.0
ECHO,EchoStar  Corporation Common Stock,26205415703.0
ZM,Zoom Communications Inc. Class A Common Stock,26175916714.0
CPAY,Corpay Inc. Common Stock,26139742958.0
Q,Qnity Electronics Inc. Common Stock,26086213227.0
DGX,Quest Diagnostics Incorporated Common Stock,26083432435.0
WST,West Pharmaceutical Services Inc. Common Stock,26069997275.0
TSEM,Tower Semiconductor Ltd. Ordinary Shares,26050254570.0
AWK,American Water Works Company Inc. Common Stock,26015611950.0
PBA,Pembina Pipeline Corp. Ordinary Shares (Canada),25972246300.0
VRSN,VeriSign Inc. Common Stock,25938675000.0
VICI,VICI Properties Inc. Common Stock,25886333483.0
ROIV,Roivant Sciences Ltd. Common Shares,25859163937.0
DOV,Dover Corporation Common Stock,25842441573.0
CTSH,Cognizant Technology Solutions Corporation Class A Common Stock,25823966502.0
INSM,Insmed Incorporated Common Stock,25731892498.0
CPRT,Copart Inc. (DE) Common Stock,25543138788.0
DTE,DTE Energy Company Common Stock,25270215099.0
ATI,ATI Inc. Common Stock,25256882639.0
LVS,Las Vegas Sands Corp. Common Stock,25253869164.0
INCY,Incyte Corp. Common Stock,25112223752.0
LH,Labcorp Holdings Inc. Common Stock,25111804000.0
OTIS,Otis Worldwide Corporation Common Stock ,25101336214.0
FFIV,F5 Inc. Common Stock,25089239257.0
FE,FirstEnergy Corp. Common Stock,25055109056.0
SN,SharkNinja Inc. Ordinary Shares,25038509652.0
CPNG,Coupang Inc. Class A Common Stock,24949462424.0
CINF,Cincinnati Financial Corporation Common Stock,24946321434.0
TCOM,Trip.com Group Limited American Depositary Shares,24829276903.0
WRB,W.R. Berkley Corporation Common Stock,24805423488.0
LPLA,LPL Financial Holdings Inc. Common Stock,24753426284.0
BNTX,BioNTech SE American Depositary Share,24748654138.0
FISV,Fiserv Inc. Common Stock,24716517192.0
HUBB,Hubbell Inc Common Stock,24652734280.0
PFG,Principal Financial Group Inc Common Stock,24572789648.0
PHG,Koninklijke Philips N.V. NY Registry Shares,24532804284.0
EXPD,Expeditors International of Washington Inc. Common Stock,24368042000.0
SW,Smurfit WestRock plc Ordinary Shares,24343108160.0
CNP,CenterPoint Energy Inc (Holding Co) Common Stock,24267255410.0
AFRM,Affirm Holdings Inc. Class A Common Stock,24132368229.0
PPL,PPL Corporation Common Stock,24104011257.0
ASTS,AST SpaceMobile Inc. Class A Common Stock,24054442804.0
ES,Eversource Energy (D/B/A) Common Stock,23982881587.0
XYL,Xylem Inc. Common Stock New,23962751516.0
PPG,PPG Industries Inc. Common Stock,23901696000.0
FOX,Fox Corporation Class B Common Stock,23841426588.0
GH,Guardant Health Inc. Common Stock,23786271133.0
FWONK,Liberty Media Corporation Series C Common Stock,23719529766.0
VLTO,Veralto Corp Common Stock ,23682085436.0
TW,Tradeweb Markets Inc. Class A Common Stock,23681319832.0
FCNCA,First Citizens BancShares Inc. Class A Common Stock,23606686323.0
RF,Regions Financial Corporation Common Stock,23530292956.0
TPL,Texas Pacific Land Corporation Common Stock,23525195131.0
ULTA,Ulta Beauty Inc. Common Stock,23311373189.0
ENTG,Entegris Inc. Common Stock,23208792000.0
AER,AerCap Holdings N.V. Ordinary Shares,23042509999.0
GPN,Global Payments Inc. Common Stock,22886844551.0
BSP,Bending Spoons S.p.A. Ordinary Shares,22885286725.0
CHD,Church & Dwight Company Inc. Common Stock,22861712557.0
DRI,Darden Restaurants Inc. Common Stock,22787074308.0
RBRK,Rubrik Inc. Class A Common Stock,22710200635.0
TPR,Tapestry Inc. Common Stock,22706724291.0
ROKU,Roku Inc. Class A Common Stock,22660608187.0
CRCL,Circle Internet Group Inc. Class A Common Stock,22594953409.0
IHG,Intercontinental Hotels Group American Depositary Shares (Each representing one Ordinary Share),22574229151.0
TROW,T. Rowe Price Group Inc. Common Stock,22506955334.0
PHM,PulteGroup Inc. Common Stock,22466186919.0
PS,Pershing Square Inc. Common Stock,22464000000.0
RIVN,Rivian Automotive Inc. Class A Common Stock,22398403946.0
IOT,Samsara Inc. Class A Common Stock,22229573734.0
CASY,Casey's General Stores Inc. Common Stock,22119181543.0
VRSK,Verisk Analytics Inc. Common Stock,22023698791.0
KEY,KeyCorp Common Stock,21993519498.0
IFF,International Flavors & Fragrances Inc. Common Stock,21863800329.0
MTSI,MACOM Technology Solutions Holdings Inc. Common Stock,21809246766.0
FWONA,Liberty Media Corporation Series A Common Stock,21676255613.0
L,Loews Corporation Common Stock,21428113610.0
SOFI,SoFi Technologies Inc. Common Stock  ,21414235972.0
MKL,Markel Group Inc. Common Stock,21406502135.0
DLTR,Dollar Tree Inc. Common Stock,21402988207.0
RGLD,Royal Gold Inc. Common Stock,21392936614.0
RL,Ralph Lauren Corporation Common Stock,21276817547.0
BCH,Banco De Chile ADS,21233790468.0
JBHT,J.B. Hunt Transport Services Inc. Common Stock,21174062147.0
PKG,Packaging Corporation of America Common Stock,21132334557.0
NRG,NRG Energy Inc. Common Stock,21098826179.0
SNX,TD SYNNEX Corporation Common Stock,21031550539.0
BG,Bunge Limited Common Shares,20940984407.0
ARXS,Arxis Inc. Class A Common Stock,20923815424.0
THC,Tenet Healthcare Corporation Common Stock,20911589490.0
AMRZ,Amrize Ltd Ordinary Shares,20903498114.0
OMC,Omnicom Group Inc. Common Stock,20891445387.0
LUV,Southwest Airlines Company Common Stock,20879406019.0
YPF,YPF Sociedad Anonima American Depositary Shares,20491596515.0
VTRS,Viatris Inc. Common Stock,20479375105.0
STE,STERIS plc (Ireland) Ordinary Shares,20370697982.0
BRO,Brown & Brown Inc. Common Stock,20351001913.0
XPO,XPO Inc. Common Stock,20275863144.0
EIX,Edison International Common Stock,20260455994.0
DOW,Dow Inc. Common Stock ,20239986722.0
USFD,US Foods Holding Corp. Common Stock,20190146378.0
EXE,Expand Energy Corporation Common Stock,20103789037.0
PAAS,Pan American Silver Corp. Common Stock,19918248720.0
SITM,SiTime Corporation Common Stock,19915145012.0
LEN,Lennar Corporation Class A Common Stock,19789535915.0
RS,Reliance Inc. Common Stock,19772408060.0
CDE,Coeur Mining Inc. Common Stock,19756910662.0
CMS,CMS Energy Corporation Common Stock,19739680711.0
CRS,Carpenter Technology Corporation Common Stock,19666821331.0
AMCR,Amcor plc Ordinary Shares,19654315282.0
BCE,BCE Inc. Common Stock,19555066382.0
WWD,Woodward Inc. Common Stock,19503424804.0
STZ,Constellation Brands Inc. Common Stock,19405553455.0
SQM,Sociedad Quimica y Minera S.A. Common Stock,19106312977.0
FSLR,First Solar Inc. Common Stock,19098456025.0
SNA,Snap-On Incorporated Common Stock,19097654181.0
WF,Woori Financial Group Inc. American Depositary Shares (each representing three (3) shares of Common Stock),19014320436.0
DINO,HF Sinclair Corporation Common Stock,18990870750.0
GFL,GFL Environmental Inc. Subordinate voting shares no par value,18982626775.0
BBY,Best Buy Co. Inc. Common Stock,18982453946.0
NI,NiSource Inc Common Stock,18904259142.0
LYB,LyondellBasell Industries NV Ordinary Shares Class A (Netherlands),18781426529.0
BR,Broadridge Financial Solutions Inc. Common Stock,18673349858.0
FICO,Fair Isaac Corporation Common Stock,18640702792.0
IP,International Paper Company Common Stock,18545537723.0
VIV,Telefonica Brasil S.A. American Depositary Shares (Each representing One Common Share),18534516842.0
BEKE,KE Holdings Inc American Depositary Shares (each representing three Class A Ordinary Shares),18450285796.0
SSNC,SS&C Technologies Holdings Inc. Common Stock,18446229236.0
ITT,ITT Inc. Common Stock ,18439644000.0
PKX,POSCO HOLDINGS INC. American Depositary Shares (Each representing 1/4th of a share of Common Stock),18436526466.0
NTNX,Nutanix Inc. Class A Common Stock,18406889277.0
FIS,Fidelity National Information Services Inc. Common Stock,18261146521.0
SBS,Companhia de saneamento Basico Do Estado De Sao Paulo - Sabesp American Depositary Shares (Each repstg 250 Common Shares),18257086250.0
LSCC,Lattice Semiconductor Corporation Common Stock,18186976330.0
NDSN,Nordson Corporation Common Stock,18145182462.0
KSPI,Joint Stock Company Kaspi.kz American Depository Shares,18113532597.0
ONON,On Holding AG Class A Ordinary Shares,18078794857.0
EVRG,Evergy Inc. Common Stock,17993462103.0
GIS,General Mills Inc. Common Stock,17986875524.0
FTAI,FTAI Aviation Ltd. Common Stock,17979903350.0
TSN,Tyson Foods Inc. Common Stock,17913732991.0
WCC,WESCO International Inc. Common Stock,17906399874.0
PR,Permian Resources Corporation Class A Common Stock,17890218139.0
GPC,Genuine Parts Company Common Stock,17868003234.0
DD,DuPont de Nemours Inc. Common Stock,17786510237.0
TOST,Toast Inc. Class A Common Stock,17686800000.0
MKSI,MKS Inc. Common Stock,17636011478.0
SBAC,SBA Communications Corporation Class A Common Stock,17626539477.0
ZBRA,Zebra Technologies Corporation Class A Common Stock,17506836626.0
EWBC,East West Bancorp Inc. Common Stock,17432018439.0
EFX,Equifax Inc. Common Stock,17400687947.0
IREN,IREN Limited Ordinary Shares,17387837843.0
ZBH,Zimmer Biomet Holdings Inc. Common Stock,17364759207.0
CF,CF Industries Holdings Inc. Common Stock,17353943367.0
IONQ,IonQ Inc. Common Stock,17327985241.0
MEDP,Medpace Holdings Inc. Common Stock,17273965046.0
MGA,Magna International Inc. Common Stock,17254532490.0
RCI,Rogers Communication Inc. Common Stock,17238556711.0
CHRW,C.H. Robinson Worldwide Inc. Common Stock,17188820052.0
NWS,News Corporation Class B Common Stock,17159160595.0
MTZ,MasTec Inc. Common Stock,17092908182.0
SMTC,Semtech Corporation Common Stock,17013261620.0
OVV,Ovintiv Inc. (DE),16998751000.0
AEG,Aegon Ltd. New York Registry Shares,16970570034.0
IEX,IDEX Corporation Common Stock,16961473672.0
FTV,Fortive Corporation Common Stock ,16940136447.0
CDW,CDW Corporation Common Stock,16931110003.0
FDXF,FedEx Freight Holding Company Inc. Common Stock,16922462293.0
RVTY,Revvity Inc. Common Stock,16861821055.0
TSCO,Tractor Supply Company Common Stock,16813965221.0
NVR,NVR Inc. Common Stock,16782222336.0
BEN,Franklin Templeton Inc. Common Stock,16776699568.0
TPG,TPG Inc. Class A Common Stock,16775814023.0
DT,Dynatrace Inc. Common Stock,16747673318.0
BMNR,BitMine Immersion Technologies Inc. Common Stock,16624919419.0
APG,APi Group Corporation Common Stock,16620885023.0
CLH,Clean Harbors Inc. Common Stock,16524520114.0
LNT,Alliant Energy Corporation Common Stock,16490506856.0
DOCN,DigitalOcean Holdings Inc. Common Stock,16431742113.0
AKAM,Akamai Technologies Inc. Common Stock,16375070429.0
WIT,Wipro Limited Common Stock,16340857165.0
RGA,Reinsurance Group of America Incorporated Common Stock,16237259002.0
CNH,CNH Industrial N.V. Common Shares,16201832790.0
J,Jacobs Solutions Inc. Common Stock,16194632604.0
BSAC,Banco Santander - Chile ADS,16192233445.0
RBC,RBC Bearings Incorporated Common Stock,16022743895.0
BURL,Burlington Stores Inc. Common Stock,15998402015.0
INVH,Invitation Homes Inc. Common Stock,15722390276.0
GIB,CGI Inc. Common Stock,15715075580.0
FUTU,Futu Holdings Limited American Depositary Shares,15680552432.0
STRL,Sterling Infrastructure Inc. Common Stock,15670191886.0
CRBG,Corebridge Financial Inc. Common Stock,15544087842.0
NLY,Annaly Capital Management Inc. Common Stock,15534054650.0
TIGO,Millicom International Cellular S.A. Common Stock,15519306990.0
LDOS,Leidos Holdings Inc. Common Stock,15512091954.0
AS,Amer Sports Inc. Ordinary Shares,15486423337.0
JAZZ,Jazz Pharmaceuticals plc Common Stock (Ireland),15446423597.0
TEM,Tempus AI Inc. Class A Common Stock,15434088737.0
NWSA,News Corporation Class A Common Stock,15397306625.0
HST,Host Hotels & Resorts Inc. Common Stock,15360489026.0
SOLV,Solventum Corporation Common Stock,15235023746.0
JHX,James Hardie Industries plc. Ordinary Shares,15151636937.0
LTM,LATAM Airlines Group S.A. American Depositary Shares (each representing two thousand (2000) shares of Common Stock),15058814180.0
WPC,W. P. Carey Inc. REIT,15056417533.0
KIM,Kimco Realty Corporation (HC) Common Stock,15052513530.0
BALL,Ball Corporation Common Stock,15043091778.0
ZTO,ZTO Express (Cayman) Inc. American Depositary Shares each representing one Class A ordinary share.,15005364507.0
PTC,PTC Inc. Common Stock,14986884769.0
RBA,RB Global Inc. Common Stock,14974946132.0
APA,APA Corporation Common Stock,14974023537.0
FN,Fabrinet Ordinary Shares,14957113885.0
H,Hyatt Hotels Corporation Class A Common Stock,14929069726.0
ASND,Ascendis Pharma A/S Ordinary Share,14815892870.0
LECO,Lincoln Electric Holdings Inc. Common Shares,14809214177.0
JLL,Jones Lang LaSalle Incorporated Common Stock,14752080079.0
SGI,Somnigroup International Inc. Common Stock,14723796201.0
CX,Cemex S.A.B. de C.V. Sponsored ADR,14719545477.0
VNOM,Viper Energy Inc. Class A Common Stock,14701846970.0
EQH,Equitable Holdings Inc. Common Stock,14700212853.0
EMA,Emera Incorporated Common Shares,14662656000.0
LAMR,Lamar Advertising Company Class A Common Stock,14621123502.0
TLN,Talen Energy Corporation Common Stock,14586058725.0
FLUT,Flutter Entertainment plc Ordinary Shares,14580324118.0
UNM,Unum Group Common Stock,14578473028.0
OWL,Blue Owl Capital Inc. Class A Common Stock,14530739518.0
AGI,Alamos Gold Inc. Class A Common Shares,14488806680.0
ARMK,Aramark Common Stock,14478287416.0
LOGI,Logitech International S.A. Ordinary Shares,14474908482.0
ROL,Rollins Inc. Common Stock,14448796482.0
PFGC,Performance Food Group Company Common Stock,14422149080.0
WY,Weyerhaeuser Company Common Stock,14421927360.0
EXEL,Exelixis Inc. Common Stock,14410983207.0
PNFP,Pinnacle Financial Partners Inc. Common stock,14351167421.0
INIO,INNIO N.V. Ordinary Shares,14340000000.0
CG,The Carlyle Group Inc. Common Stock,14264001904.0
EMBJ,Embraer S.A. Common Stock,14207775397.0
EG,Everest Group Ltd. Common Stock,14203298956.0
WSE,Wise Group plc Class A Ordinary Shares,14200763242.0
WMG,Warner Music Group Corp. Class A Common Stock,14197199131.0
KEP,Korea Electric Power Corporation Common Stock,14136048976.0
ONTO,Onto Innovation Inc. Common Stock,14115716407.0
NBIX,Neurocrine Biosciences Inc. Common Stock,14068246650.0
OHI,Omega Healthcare Investors Inc. Common Stock,14023441640.0
DOC,Healthpeak Properties Inc. Common Stock,14004298651.0
CRL,Charles River Laboratories International Inc. Common Stock,13979851276.0
EQX,Equinox Gold Corp. Common Shares,13939470275.0
SKM,SK Telecom Co. Ltd. Common Stock,13923954000.0
YUMC,Yum China Holdings Inc. Common Stock,13859280764.0
SWK,Stanley Black & Decker Inc. Common Stock,13802920987.0
ARCC,Ares Capital Corporation Common Stock,13786038624.0
PAG,Penske Automotive Group Inc. Common Stock,13764251438.0
CACI,CACI International Inc. Class A Common Stock,13664622817.0
CET,Central Securities Corporation Common Stock,13647801028.0
TTMI,TTM Technologies Inc. Common Stock,13607912763.0
MAS,Masco Corporation Common Stock,13576354556.0
RNR,RenaissanceRe Holdings Ltd. Common Stock,13529296361.0
TRMB,Trimble Inc. Common Stock,13489454207.0
TU,Telus Corporation Ordinary Shares,13474720000.0
W,Wayfair Inc. Class A Common Stock,13443416071.0
SWKS,Skyworks Solutions Inc. Common Stock,13443238344.0
REG,Regency Centers Corporation Common Stock,13409917657.0
CHKP,Check Point Software Technologies Ltd. Ordinary Shares,13399687206.0
MLI,Mueller Industries Inc. Common Stock,13385897602.0
ULS,UL Solutions Inc. Class A Common Stock,13335374327.0
TYL,Tyler Technologies Inc. Common Stock,13332831846.0
STLA,Stellantis N.V. Common Shares,13328422702.0
AMKR,Amkor Technology Inc. Common Stock,13319537024.0
TRU,TransUnion Common Stock,13252972000.0
TLK,PT Telekomunikasi Indonesia Tbk,13214899694.0
TME,Tencent Music Entertainment Group American Depositary Shares each representing two Class A Ordinary Shares,13205058755.0
ICLR,ICON plc Ordinary Shares,13194847117.0
TXT,Textron Inc. Common Stock,13172477973.0
ALLE,Allegion plc Ordinary Shares,13135632333.0
WSO,Watsco Inc. Common Stock,13086433503.0
AIZ,Assurant Inc. Common Stock,13070798255.0
QNT,Quantinuum Inc. Class A Common Stock,13041652273.0
VICR,Vicor Corporation Common Stock,13000254155.0
CSL,Carlisle Companies Incorporated Common Stock,12961501587.0
ALB,Albemarle Corporation Common Stock,12948694905.0
GEN,Gen Digital Inc. Common Stock,12941451632.0
CHTR,Charter Communications Inc. Class A Common Stock New,12936944622.0
HALO,Halozyme Therapeutics Inc. Common Stock,12927422200.0
SJM,The J.M. Smucker Company Common Stock,12925605143.0
LII,Lennox International Inc. Common Stock,12917743495.0
IESC,IES Holdings Inc. Common Stock,12916163021.0
HTHT,H World Group Limited American Depositary Shares,12916000398.0
AVY,Avery Dennison Corporation Common Stock,12909752108.0
QXO,QXO Inc. Common Stock,12896009513.0
MKC,McCormick & Company Incorporated Common Stock,12888743403.0
PAC,Grupo Aeroportuario Del Pacifico S.A. B. de C.V. Grupo Aeroportuario Del Pacifico S.A. de C.V. (each representing 10 Series B shares),12848823011.0
GL,Globe Life Inc. Common Stock,12836931627.0
GRAB,Grab Holdings Limited Class A Ordinary Shares,12834507981.0
RPM,RPM International Inc. Common Stock,12830347421.0
BBIO,BridgeBio Pharma Inc. Common Stock,12818113670.0
BWXT,BWX Technologies Inc. Common Stock,12686895571.0
SEIC,SEI Investments Company Common Stock,12680026578.0
FMS,Fresenius Medical Care AG American Depositary Shares (Each representing 1/2 of an Ordinary Share),12674129601.0
COKE,Coca-Cola Consolidated Inc. Common Stock,12666519505.0
TOL,Toll Brothers Inc. Common Stock,12655468980.0
MAIR,Madison Air Solutions Corporation Class A Common Stock,12623340918.0
DOCU,DocuSign Inc. Common Stock,12615915510.0
GGG,Graco Inc. Common Stock,12609724737.0
PEN,Penumbra Inc. Common Stock,12560892782.0
CORT,Corcept Therapeutics Incorporated Common Stock,12550223892.0
BWA,BorgWarner Inc. Common Stock,12488820827.0
DTM,DT Midstream Inc. Common Stock ,12474430395.0
SMMT,Summit Therapeutics Inc. Common Stock ,12452871287.0
BNT,Brookfield Wealth Solutions Ltd. Class A Exchangeable Limited Voting Shares,12445686158.0
CNA,CNA Financial Corporation Common Stock,12442230669.0
HAS,Hasbro Inc. Common Stock,12424607098.0
JBS,JBS N.V. Class A Common Shares,12390650694.0
GDDY,GoDaddy Inc. Class A Common Stock,12302557967.0
GNRC,Generac Holdlings Inc. Common Stock,12281583979.0
NXT,Nextpower Inc. Common Stock,12267331692.0
FIVE,Five Below Inc. Common Stock,12255028191.0
AIT,Applied Industrial Technologies Inc. Common Stock,12246713254.0
HL,Hecla Mining Company Common Stock,12219467760.0
EHC,Encompass Health Corporation Common Stock,12180733322.0
DKS,Dick's Sporting Goods Inc Common Stock,12132250035.0
AHR,American Healthcare REIT Inc. Common Stock,12130294104.0
TWST,Twist Bioscience Corporation Common Stock,12121843642.0
AUR,Aurora Innovation Inc. Class A Common Stock,12105097819.0
BAX,Baxter International Inc. Common Stock,12082196497.0
SANM,Sanmina Corporation Common Stock,12047077708.0
HMY,Harmony Gold Mining Company Limited,12041543724.0
MANH,Manhattan Associates Inc. Common Stock,12012573381.0
CR,Crane Company Common Stock,11954847631.0
WTS,Watts Water Technologies Inc. Class A Common Stock,11944121460.0
GWRE,Guidewire Software Inc. Common Stock,11934852900.0
MDGL,Madrigal Pharmaceuticals Inc. Common Stock,11934667327.0
HUT,Hut 8 Corp. Common Stock,11933981692.0
IT,Gartner Inc. Common Stock,11865692590.0
FPS,Forgent Power Solutions Inc. Class A Common Stock,11863593804.0
UHAL,U-Haul Holding Company Common Stock,11852171390.0
ARW,Arrow Electronics Inc. Common Stock,11850782474.0
BJ,BJ's Wholesale Club Holdings Inc. Common Stock,11847054963.0
HBM,Hudbay Minerals Inc. Ordinary Shares (Canada),11827574959.0
GME,GameStop Corporation Common Stock,11800278156.0
ALLY,Ally Financial Inc. Common Stock,11799906091.0
SAIL,SailPoint Inc. Common Stock,11783616105.0
CCK,Crown Holdings Inc.,11752660819.0
NVMI,Nova Ltd. Ordinary Shares,11703443780.0
BMRN,BioMarin Pharmaceutical Inc. Common Stock,11664754717.0
MICC,The Magnum Ice Cream Company N.V. Ordinary Shares,11620689846.0
ELS,Equity Lifestyle Properties Inc. Common Stock,11494447383.0
AFG,American Financial Group Inc. Common Stock,11461405031.0
RMBS,Rambus Inc. Common Stock,11405822171.0
AGNC,AGNC Investment Corp. Common Stock,11404331520.0
TECH,Bio-Techne Corp Common Stock,11386572261.0
DVA,DaVita Inc. Common Stock,11386386000.0
CSGP,CoStar Group Inc. Common Stock,11382000247.0
AA,Alcoa Corporation Common Stock ,11308519718.0
GLPI,Gaming and Leisure Properties Inc. Common Stock,11284788468.0
SNN,Smith & Nephew SNATS Inc. Common Stock,11267447457.0
IAG,Iamgold Corporation Ordinary Shares,11248700000.0
WTRG,Essential Utilities Inc. Common Stock,11217768256.0
AEIS,Advanced Energy Industries Inc. Common Stock,11201307619.0
PAYP,PayPay Corporation American Depository Shares,11179633159.0
PSKY,Paramount Skydance Corporation Class B Common Stock,11174579959.0
TXG,10x Genomics Inc. Class A Common Stock,11167256009.0
ELAN,Elanco Animal Health Incorporated Common Stock,11146563027.0
PNW,Pinnacle West Capital Corporation Common Stock,11118634247.0
FHN,First Horizon Corporation Common Stock,11114812127.0
FIG,Figma Inc. Class A Common Stock,11113255727.0
FNF,Fidelity National Financial Inc. Common Stock,11108546894.0
AMH,American Homes 4 Rent Common Shares of Beneficial Interest,11005273484.0
FROG,JFrog Ltd. Ordinary Shares,10996010915.0
SUZ,Suzano S.A. American Depositary Shares (each representing One Ordinary Share),10985182074.0
FRHC,Freedom Holding Corp. Common Stock,10976581565.0
EGO,Eldorado Gold Corporation Ordinary Shares,10954528657.0
DKNG,DraftKings Inc. Class A Common Stock,10931918137.0
LFUS,Littelfuse Inc. Common Stock,10901650187.0
UDR,UDR Inc. Common Stock,10871581272.0
TX,Ternium S.A. Ternium S.A. American Depositary Shares (each representing ten shares USD1.00 par value),10867593054.0
HRL,Hormel Foods Corporation Common Stock,10847414268.0
EGP,EastGroup Properties Inc. Common Stock,10836398842.0
AR,Antero Resources Corporation Common Stock,10760365000.0
GSAT,Globalstar Inc. Common Stock,10738213763.0
DECK,Deckers Outdoor Corporation Common Stock,10731707238.0
BEPC,Brookfield Renewable Corporation Brookfield Renewable Corporation Class A Subordinate Voting Shares,10729951082.0
PINS,Pinterest Inc. Class A Common Stock,10703316210.0
LULU,lululemon athletica inc. Common Stock,10696678683.0
HUBS,HubSpot Inc. Common Stock,10658401802.0
SCI,Service Corporation International Common Stock,10634459856.0
XP,XP Inc. Class A Common Stock,10630577869.0
FRO,Frontline Plc Ordinary Shares,10625790492.0
SF,Stifel Financial Corporation Common Stock,10622971987.0
AES,The AES Corporation Common Stock,10608832428.0
UHS,Universal Health Services Inc. Common Stock,10541385073.0
COO,The Cooper Companies Inc. Common Stock,10530800182.0
MOD,Modine Manufacturing Company Common Stock,10520034074.0
TXRH,Texas Roadhouse Inc. Common Stock,10486137929.0
LI,Li Auto Inc. American Depositary Shares,10455369383.0
ALGN,Align Technology Inc. Common Stock,10427229477.0
RTO,Rentokil Initial plc American Depositary Shares (each representing five (5) Ordinary Shares),10410816000.0
QRVO,Qorvo Inc. Common Stock,10407506045.0
HII,Huntington Ingalls Industries Inc. Common Stock,10403601964.0
RRX,Regal Rexnord Corporation Common Stock,10400317788.0
DDS,Dillard's Inc. Common Stock,10372408826.0
KNX,Knight-Swift Transportation Holdings Inc.,10362674520.0
JKHY,Jack Henry & Associates Inc. Common Stock,10361942336.0
UMBF,UMB Financial Corporation Common Stock,10315533075.0
AVTR,Avantor Inc. Common Stock,10314472310.0
ERIE,Erie Indemnity Company Class A Common Stock,10293695694.0
NYT,New York Times Company (The) Common Stock,10244897681.0
KRYS,Krystal Biotech Inc. Common Stock,10235869466.0
BPOP,Popular Inc. Common Stock,10235173840.0
RDY,Dr. Reddy's Laboratories Ltd Common Stock,10224547883.0
AXSM,Axsome Therapeutics Inc. Common Stock,10218973784.0
ENSG,The Ensign Group Inc. Common Stock,10209916788.0
BIO,Bio-Rad Laboratories Inc. Class A Common Stock,10187244675.0
CHYM,Chime Financial Inc. Class A Common Stock,10138509273.0
CLX,Clorox Company (The) Common Stock,10134018219.0
DCI,Donaldson Company Inc. Common Stock,10131785405.0
FORM,FormFactor Inc. FormFactor Inc. Common Stock,10131476825.0
BXP,BXP Inc. Common Stock,10122542650.0
EVR,Evercore Inc. Class A Common Stock,10110934414.0
VSAT,ViaSat Inc. Common Stock,10058929246.0
WMS,Advanced Drainage Systems Inc. Common Stock,10038713180.0
VIAV,Viavi Solutions Inc. Common Stock,10037783003.0
GMED,Globus Medical Inc. Class A Common Stock,10005197831.0
